<?xml version="1.0" encoding="UTF-8"?>
<GenRun Id="impl_1" LaunchPart="xc7z010clg400-1" LaunchTime="1616447711">
  <File Type="BITSTR-BMM" Name="IFStage_bd.bmm"/>
  <File Type="OPT-METHODOLOGY-DRC" Name="IFStage_methodology_drc_opted.rpt"/>
  <File Type="INIT-TIMING" Name="IFStage_timing_summary_init.rpt"/>
  <File Type="ROUTE-PWR" Name="IFStage_power_routed.rpt"/>
  <File Type="PA-TCL" Name="IFStage.tcl"/>
  <File Type="OPT-TIMING" Name="IFStage_timing_summary_opted.rpt"/>
  <File Type="OPT-DCP" Name="IFStage_opt.dcp"/>
  <File Type="ROUTE-PWR-SUM" Name="IFStage_power_summary_routed.pb"/>
  <File Type="REPORTS-TCL" Name="IFStage_reports.tcl"/>
  <File Type="OPT-DRC" Name="IFStage_drc_opted.rpt"/>
  <File Type="OPT-HWDEF" Name="IFStage.hwdef"/>
  <File Type="PWROPT-DCP" Name="IFStage_pwropt.dcp"/>
  <File Type="PWROPT-DRC" Name="IFStage_drc_pwropted.rpt"/>
  <File Type="PWROPT-TIMING" Name="IFStage_timing_summary_pwropted.rpt"/>
  <File Type="PLACE-DCP" Name="IFStage_placed.dcp"/>
  <File Type="PLACE-IO" Name="IFStage_io_placed.rpt"/>
  <File Type="PLACE-CLK" Name="IFStage_clock_utilization_placed.rpt"/>
  <File Type="PLACE-UTIL" Name="IFStage_utilization_placed.rpt"/>
  <File Type="PLACE-UTIL-PB" Name="IFStage_utilization_placed.pb"/>
  <File Type="PLACE-CTRL" Name="IFStage_control_sets_placed.rpt"/>
  <File Type="PLACE-SIMILARITY" Name="IFStage_incremental_reuse_placed.rpt"/>
  <File Type="PLACE-PRE-SIMILARITY" Name="IFStage_incremental_reuse_pre_placed.rpt"/>
  <File Type="BG-BGN" Name="IFStage.bgn"/>
  <File Type="PLACE-TIMING" Name="IFStage_timing_summary_placed.rpt"/>
  <File Type="POSTPLACE-PWROPT-DCP" Name="IFStage_postplace_pwropt.dcp"/>
  <File Type="BG-BIN" Name="IFStage.bin"/>
  <File Type="POSTPLACE-PWROPT-TIMING" Name="IFStage_timing_summary_postplace_pwropted.rpt"/>
  <File Type="PHYSOPT-DCP" Name="IFStage_physopt.dcp"/>
  <File Type="PHYSOPT-DRC" Name="IFStage_drc_physopted.rpt"/>
  <File Type="BITSTR-MSK" Name="IFStage.msk"/>
  <File Type="PHYSOPT-TIMING" Name="IFStage_timing_summary_physopted.rpt"/>
  <File Type="ROUTE-ERROR-DCP" Name="IFStage_routed_error.dcp"/>
  <File Type="ROUTE-DCP" Name="IFStage_routed.dcp"/>
  <File Type="ROUTE-BLACKBOX-DCP" Name="IFStage_routed_bb.dcp"/>
  <File Type="ROUTE-DRC" Name="IFStage_drc_routed.rpt"/>
  <File Type="ROUTE-DRC-PB" Name="IFStage_drc_routed.pb"/>
  <File Type="BITSTR-LTX" Name="debug_nets.ltx"/>
  <File Type="BITSTR-LTX" Name="IFStage.ltx"/>
  <File Type="ROUTE-DRC-RPX" Name="IFStage_drc_routed.rpx"/>
  <File Type="BITSTR-MMI" Name="IFStage.mmi"/>
  <File Type="ROUTE-METHODOLOGY-DRC" Name="IFStage_methodology_drc_routed.rpt"/>
  <File Type="ROUTE-METHODOLOGY-DRC-RPX" Name="IFStage_methodology_drc_routed.rpx"/>
  <File Type="BITSTR-SYSDEF" Name="IFStage.sysdef"/>
  <File Type="ROUTE-METHODOLOGY-DRC-PB" Name="IFStage_methodology_drc_routed.pb"/>
  <File Type="ROUTE-PWR-RPX" Name="IFStage_power_routed.rpx"/>
  <File Type="ROUTE-STATUS" Name="IFStage_route_status.rpt"/>
  <File Type="ROUTE-STATUS-PB" Name="IFStage_route_status.pb"/>
  <File Type="ROUTE-TIMINGSUMMARY" Name="IFStage_timing_summary_routed.rpt"/>
  <File Type="ROUTE-TIMING-PB" Name="IFStage_timing_summary_routed.pb"/>
  <File Type="ROUTE-TIMING-RPX" Name="IFStage_timing_summary_routed.rpx"/>
  <File Type="ROUTE-SIMILARITY" Name="IFStage_incremental_reuse_routed.rpt"/>
  <File Type="ROUTE-CLK" Name="IFStage_clock_utilization_routed.rpt"/>
  <File Type="ROUTE-BUS-SKEW" Name="IFStage_bus_skew_routed.rpt"/>
  <File Type="ROUTE-BUS-SKEW-PB" Name="IFStage_bus_skew_routed.pb"/>
  <File Type="ROUTE-BUS-SKEW-RPX" Name="IFStage_bus_skew_routed.rpx"/>
  <File Type="POSTROUTE-PHYSOPT-DCP" Name="IFStage_postroute_physopt.dcp"/>
  <File Type="POSTROUTE-PHYSOPT-BLACKBOX-DCP" Name="IFStage_postroute_physopt_bb.dcp"/>
  <File Type="POSTROUTE-PHYSOPT-TIMING" Name="IFStage_timing_summary_postroute_physopted.rpt"/>
  <File Type="POSTROUTE-PHYSOPT-TIMING-PB" Name="IFStage_timing_summary_postroute_physopted.pb"/>
  <File Type="POSTROUTE-PHYSOPT-TIMING-RPX" Name="IFStage_timing_summary_postroute_physopted.rpx"/>
  <File Type="POSTROUTE-PHYSOPT-BUS-SKEW" Name="IFStage_bus_skew_postroute_physopted.rpt"/>
  <File Type="POSTROUTE-PHYSOPT-BUS-SKEW-PB" Name="IFStage_bus_skew_postroute_physopted.pb"/>
  <File Type="BG-BIT" Name="IFStage.bit"/>
  <File Type="POSTROUTE-PHYSOPT-BUS-SKEW-RPX" Name="IFStage_bus_skew_postroute_physopted.rpx"/>
  <File Type="BITSTR-RBT" Name="IFStage.rbt"/>
  <File Type="BITSTR-NKY" Name="IFStage.nky"/>
  <File Type="BG-DRC" Name="IFStage.drc"/>
  <File Type="RDI-RDI" Name="IFStage.vdi"/>
  <File Type="WBT-USG" Name="usage_statistics_webtalk.html"/>
  <FileSet Name="sources" Type="DesignSrcs" RelSrcDir="$PSRCDIR/sources_1">
    <Filter Type="Srcs"/>
    <File Path="$PSRCDIR/sources_1/new/IFStage.v">
      <FileInfo>
        <Attr Name="UsedIn" Val="synthesis"/>
        <Attr Name="UsedIn" Val="implementation"/>
        <Attr Name="UsedIn" Val="simulation"/>
      </FileInfo>
    </File>
    <Config>
      <Option Name="DesignMode" Val="RTL"/>
      <Option Name="TopModule" Val="IFStage"/>
      <Option Name="TopAutoSet" Val="TRUE"/>
    </Config>
  </FileSet>
  <FileSet Name="constrs_in" Type="Constrs" RelSrcDir="$PSRCDIR/constrs_1">
    <Filter Type="Constrs"/>
    <Config>
      <Option Name="ConstrsType" Val="XDC"/>
    </Config>
  </FileSet>
  <FileSet Name="utils" Type="Utils" RelSrcDir="$PSRCDIR/utils_1">
    <Filter Type="Utils"/>
    <Config>
      <Option Name="TopAutoSet" Val="TRUE"/>
    </Config>
  </FileSet>
  <Strategy Version="1" Minor="2">
    <StratHandle Name="Vivado Implementation Defaults" Flow="Vivado Implementation 2019"/>
    <Step Id="init_design"/>
    <Step Id="opt_design"/>
    <Step Id="power_opt_design"/>
    <Step Id="place_design"/>
    <Step Id="post_place_power_opt_design"/>
    <Step Id="phys_opt_design"/>
    <Step Id="route_design"/>
    <Step Id="post_route_phys_opt_design"/>
    <Step Id="write_bitstream"/>
  </Strategy>
</GenRun>
